{
  "3*3": {
    "time": 4.248839616775513,
    "steps": 4
  },
  "4*4": {
    "time": 39.592267751693726,
    "steps": 30
  },
  "4*6": {
    "time": Infinity,
    "steps": Infinity
  }
}